{
  "20230205_04_Narumoto_Harimoto": [
    0.2093973442288049,
    0.8089887640449438,
    0.41085714285714287,
    0.5851428571428572
  ],
  "20230219_03_Narumoto_Ito": [
    0.20366598778004075,
    0.7953156822810591,
    0.4095074455899198,
    0.584192439862543
  ],
  "20230225_02_Matsushima_Ando": [
    0.29399796541200407,
    0.8219735503560529,
    0.416,
    0.5811428571428572
  ]
}