{
  "20230205_04_Narumoto_Harimoto": [
    0.2093973442288049,
    0.8089887640449438,
    0.41085714285714287,
    0.5851428571428572
  ],
  "20230219_03_Narumoto_Ito": [
    0.20366598778004075,
    0.7953156822810591,
    0.4095074455899198,
    0.584192439862543
  ],
  "20230225_02_Matsushima_Ando": [
    0.29399796541200407,
    0.8219735503560529,
    0.416,
    0.5811428571428572
  ],
  "20230806_Izumo_Ojio": [
    0.21406727828746178,
    0.8216106014271152,
    0.41442472810532344,
    0.5781339439038351
  ],
  "20230806_Narumoto_Yuan": [
    0.18024439918533605,
    0.8116089613034623,
    0.41633352370074245,
    0.5762421473443746
  ],
  "20230806_Tamura_Ando": [
    0.15173116089613034,
    0.8492871690427699,
    0.4142857142857143,
    0.5777142857142857
  ],
  "20230814_Edahiro_Akae": [
    0.11483739837398374,
    0.7306910569105691,
    0.4081050228310502,
    0.5850456621004566
  ]
}